Label,AzimuthDegrees,ElevationDegrees
Fp1,17.999999696006768,0
Fz,-0.0,45
F3,39.00000001229993,29.999999813960823
F7,53.999999958925805,0
FT9,72.00000020098996,-23.000000083328157
FC5,68.00000022199477,21.000000018626285
FC1,43.9999997014668,58.999999831587736
C3,90,45
T7,90,0
TP9,107.99999979901006,-23.000000083328157
CP5,110.99999987806646,21.000000100215946
CP1,136.00000029853322,58.999999831587736
Pz,-180,45
P3,140.9999999877001,29.999999813960823
P7,126.0000000410742,0
O1,162.00000030399323,0
Oz,-180,0
O2,-162.00000030399323,0
P4,-140.9999999877001,29.999999813960823
P8,-126.0000000410742,0
TP10,-107.99999979901006,-23.000000083328157
CP6,-110.99999987806646,21.000000100215946
CP2,-136.00000029853322,58.999999831587736
Cz,-90,90
C4,-90,45
T8,-90,0
FT10,-72.00000020098996,-23.000000083328157
FC6,-69.00000012193355,21.000000100215946
FC2,-43.9999997014668,58.999999831587736
F4,-39.00000001229993,29.999999813960823
F8,-53.999999958925805,0
Fp2,-17.999999696006768,0
AF7,36.00000004107419,0
AF3,22.000000139068387,16.000000291932793
AFz,-0.0,23.000000156967904
F1,21.999999591232246,41.00000003094027
F5,49.00000017774704,16.000000292790126
FT7,72.00000030399323,0
FC3,61.00000025623223,41.000000201211016
C1,90,66.9999998430321
C5,90,21.99999991655272
TP7,107.99999969600678,0
CP3,118.99999974376779,41.000000201211016
P1,158.00000040876776,41.00000003094027
P5,130.99999982225296,16.000000292790126
PO7,143.9999999589258,0
PO3,157.9999998609316,16.000000291932793
POz,-180,23.000000156967904
PO4,-157.9999998609316,16.000000291932793
PO8,-143.9999999589258,0
P6,-130.99999982225296,16.000000292790126
P2,-158.00000040876776,41.00000003094027
CPz,-180,68.00000008344729
CP4,-118.99999974376779,41.000000201211016
TP8,-107.99999969600678,0
C6,-90,21.99999991655272
C2,-90,66.9999998430321
FC4,-61.00000025623223,41.000000201211016
FT8,-72.00000030399323,0
F6,-49.00000017774704,16.000000292790126
AF8,-36.00000004107419,0
AF4,-22.000000139068387,16.000000291932793
F2,-21.999999591232246,41.00000003094027
Iz,-180,-21.99999991655272
